ID,ConversationID,InquiryFrom,InquirySubject,InquiryBody,InquiryDate,Processed,Status
1,A,RIVENDITORE_1,RICHIESTA OFFERTA,"Buongiorno,

avrei bisogno vs miglior offerta per

 

1

CUSCINETTO A SFERE 6011 (55*90*18)

1

CUSCINETTO 6012 (60*95*18)

 

 

In attesa,

Mario Rossi
Account Manager
Cuscinetti BimBumBam",05/07/2026,,
2,B,CLIENTE_1,RICHIESTA QUOTAZIONE,"Buongiorno,
La presente per chiedere offerta per:

PUNTA PER LEGNO FORSTNER 28 mm

Resto in attesa di un Vostro gentile riscontro

Grazie.
Marino Kesslner
Wunderbare Kuegellager",05/07/2026,,
3,C,MANUTENTORE_1,INQUIRY,La presente per chiedere offerta per:,03/07/2026,,
4,D,CLIENTE_2,OFFERTA,"Buongiorno, ci necessita cortesemente entro questa mattina vs. migliore offerta e verifica tempi di consegna/disponibilità per:
 
n.2   Sopporti SKF SNL 507
n.2   Coppie tenute SKF TSN 507 L (TXL507)
n.2   Cuscinetto SKF 2207K
n.2   Bussola SKF H307
n.2   Anelli arresto SKF FRB 5.5/72

Cordialità,

Ettore Fierramosca
Soldatini Ricambi SRL",05/07/2026,,
5,E,RIVENDITORE_2,INQUIRY REQUEST,"Inquiry no QTY26-016-2289PO
 
No. 1
Designation: 365/363D
Brand: TIMKEN 
Description: Double row tapered roller bearing
Quantity: 2 pcs
Unit
Comment

",27/07/2026,,
